url|id
atlantean-mermail-585680|585680
fiendsmith-ryzeal-585681|585681
fiendsmith-vaalmonica-585683|585683
maliss-585684|585684
bystial-maliss-585685|585685
fiendsmith-odion-585687|585687
tri-brigade-gladiator-beast-585688|585688
maliss-fiendsmith-bystial-585709|585709
maliss-585712|585712
blue-eyes-585724|585724
maliss-585726|585726
fiendsmith-odion-585868|585868
maliss-585879|585879
ryzeal-585888|585888
maliss-585961|585961
primite-blue-eyes-585972|585972
azamina-chimera-585974|585974
dragon-tail-585975|585975
ryzeal-585976|585976
dragon-tail-585977|585977
k9-dragon-tail-585978|585978
fiendsmith-yubel-585983|585983
memento-585997|585997
kashtira-crystron-585998|585998
maliss-586006|586006
melodious-586007|586007
snake-eye-yummy-586011|586011
maliss-586012|586012
fiendsmith-yummy-586013|586013
atlantean-mermail-586017|586017
fiendsmith-yubel-586019|586019
fiendsmith-azamina-snake-eye-586020|586020
snake-eye-fire-king-586021|586021
fiendsmith-azamina-snake-eye-586022|586022
branded-despia-586032|586032
atlantean-mermail-586053|586053
adventurer-crystron-586054|586054
kashtira-crystron-586056|586056
primite-blue-eyes-586058|586058
maliss-586064|586064
atlantean-mermail-586067|586067
ryzeal-mitsurugi-586070|586070
ryzeal-586074|586074
memento-586076|586076
azamina-kashtira-white-forest-586078|586078
ryzeal-586081|586081
ryzeal-586083|586083
ryzeal-586085|586085
odion-586086|586086
maliss-586087|586087
ryzeal-586089|586089
odion-586092|586092
primite-blue-eyes-586093|586093
